{
    "K": [
        10979.561108249423,
        0.0,
        2763.3047086488173,
        0.0,
        10979.561108249423,
        1757.9197487017036,
        0.0,
        0.0,
        1.0
    ],
    "K_opt": [
        10979.561108249423,
        0.0,
        2763.3047086488173,
        0.0,
        10979.561108249423,
        1757.9197487017036,
        0.0,
        0.0,
        1.0
    ],
    "ccd_height_mm": 24.0,
    "ccd_width_mm": 36.0,
    "dist_coeffs": [
        -0.2219148949682754,
        -0.12130589826277842,
        0.013891981228711568,
        -0.0063733496920106185,
        -0.27692588167081417
    ],
    "dist_coeffs_opt": [
        -0.2219148949682754,
        -0.12130589826277842,
        0.013891981228711568,
        -0.0063733496920106185,
        -0.27692588167081417
    ],
    "focal_len_mm": 70.0,
    "height_px": 3648,
    "lens_model": "EF70-300mm f-4-5.6L IS USM",
    "make": "Canon",
    "model": "Canon EOS-1D X Mark III",
    "mount": {
        "pitch_deg": -90.0,
        "roll_deg": 0.0,
        "yaw_deg": 0.0
    },
    "width_px": 5472
}
