{
    "K": [
        7706.549939118952,
        0.0,
        2425.399032684117,
        0.0,
        7706.549939118952,
        2027.2237395450466,
        0.0,
        0.0,
        1.0
    ],
    "ccd_height_mm": 3.9375,
    "ccd_width_mm": 5.25,
    "dist_coeffs": [
        0.014668747262878125,
        -0.25895904496565864,
        0.00043506344870479697,
        -0.0007079542111275327,
        1.2025507752428757
    ],
    "focal_len_mm": 8.8,
    "height_px": 3648,
    "lens_model": "unknown",
    "make": "DJI",
    "model": "FC6310S",
    "width_px": 4864
}
