{
    "K": [
        3666.666504,
        0.0,
        2432.0,
        0.0,
        3666.666504,
        1824.0,
        0.0,
        0.0,
        1.0
    ],
    "ccd_height_mm": 8.755200388412527,
    "ccd_width_mm": 11.67360051788337,
    "dist_coeffs": [
        0.0,
        0.0,
        0.0,
        0.0,
        0.0
    ],
    "focal_len_mm": 8.8,
    "height_px": 3648,
    "lens_model": "unknown",
    "make": "DJI",
    "model": "FC6310S",
    "width_px": 4864
}