{
    "K": [
        3328.2103491679236,
        0.0,
        2435.5507572068695,
        0.0,
        3328.2103491679236,
        1838.0838147893235,
        0.0,
        0.0,
        1.0
    ],
    "ccd_height_mm": 9.9,
    "ccd_width_mm": 13.2,
    "dist_coeffs": [
        0.005722734339921753,
        -0.012933858377217033,
        0.00017462109733548933,
        -0.00033596858411055584,
        0.010440538092374831
    ],
    "focal_len_mm": 8.8,
    "height_px": 3648,
    "lens_model": "unknown",
    "make": "DJI",
    "model": "FC6310S",
    "width_px": 4864
}
