{
    "K": [
        3704.1230769230774,
        0.0,
        2736.0,
        0.0,
        3704.1230769230774,
        1824.0,
        0.0,
        0.0,
        1.0
    ],
    "ccd_height_mm": 8.666666666666666,
    "ccd_width_mm": 13.0,
    "dist_coeffs": [
        0.0,
        0.0,
        0.0,
        0.0,
        0.0
    ],
    "focal_len_mm": 8.8,
    "height_px": 3648,
    "lens_model": "unknown",
    "make": "DJI",
    "model": "FC6510",
    "width_px": 5472
}