{
    "K": [
        2344.155844155844,
        0.0,
        2000.0,
        0.0,
        2344.155844155844,
        1500.0,
        0.0,
        0.0,
        1.0
    ],
    "ccd_height_mm": 4.62,
    "ccd_width_mm": 6.16,
    "dist_coeffs": [
        -0.10567647774710429,
        0.07139148664118097,
        9.433403844224892e-08,
        -9.344712441177709e-08,
        -0.013565895528474346
    ],
    "focal_len_mm": 3.61,
    "height_px": 3000,
    "lens_model": "None",
    "make": "DJI",
    "model": "FC300C",
    "width_px": 4000
}
