{
    "K": [
        2287.850941124279,
        0.0,
        2000.0,
        0.0,
        2287.850941124279,
        1500.0,
        0.0,
        0.0,
        1.0
    ],
    "ccd_height_mm": 4.733700000000001,
    "ccd_width_mm": 6.3116,
    "dist_coeffs": [
        0.0,
        0.0,
        0.0,
        0.0,
        0.0
    ],
    "focal_len_mm": 3.61,
    "height_px": 3000,
    "lens_model": "None",
    "make": "DJI",
    "model": "FC330",
    "width_px": 4000
}