{
    "K": [
        3666.666504,
        0.0,
        2736.0,
        0.0,
        3666.666504,
        1824.0,
        0.0,
        0.0,
        1.0
    ],
    "ccd_height_mm": 8.755200388412527,
    "ccd_width_mm": 13.132800582618792,
    "dist_coeffs": [
        0.0,
        0.0,
        0.0,
        0.0,
        0.0
    ],
    "focal_len_mm": 8.8,
    "height_px": 3648,
    "lens_model": "None",
    "make": "DJI",
    "model": "FC6310",
    "width_px": 5472
}