{
    "K": [
        3066.4505672609403,
        0.0,
        2000.0,
        0.0,
        3066.4505672609403,
        1500.0,
        0.0,
        0.0,
        1.0
    ],
    "ccd_height_mm": 4.6275,
    "ccd_width_mm": 6.17,
    "dist_coeffs": [
        0.0,
        0.0,
        0.0,
        0.0,
        0.0
    ],
    "focal_len_mm": 4.73,
    "height_px": 3000,
    "lens_model": "None",
    "make": "DJI",
    "model": "FC220",
    "width_px": 4000
}