{
    "K": [
        3066.4505672609403,
        0.0,
        2000.0,
        0.0,
        3066.4505672609403,
        1500.0,
        0.0,
        0.0,
        1.0
    ],
    "ccd_height_mm": 4.6275,
    "ccd_width_mm": 6.17,
    "dist_coeffs": [
        -0.10567647774710429,
        0.07139148664118097,
        9.433403844224892e-08,
        -9.344712441177709e-08,
        -0.013565895528474346
    ],
    "focal_len_mm": 4.73,
    "height_px": 3000,
    "lens_model": "None",
    "make": "DJI",
    "model": "FC220",
    "mount": {
        "pitch_deg": 0.0,
        "roll_deg": 0.0,
        "yaw_deg": 0.0
    },
    "width_px": 4000
}
