{
    "K": [
        2850.793650793651,
        0.0,
        2000.0,
        0.0,
        2850.7936507936506,
        1125.0,
        0.0,
        0.0,
        1.0
    ],
    "ccd_height_mm": 3.54375,
    "ccd_width_mm": 6.3,
    "dist_coeffs": [
        0.0,
        0.0,
        0.0,
        0.0,
        0.0
    ],
    "focal_len_mm": 4.49,
    "height_px": 2250,
    "lens_model": "",
    "make": "DJI",
    "model": "FC7303",
    "mount": {
        "pitch_deg": -90.0,
        "roll_deg": 0.0,
        "yaw_deg": 0.0
    },
    "width_px": 4000
}
