{
    "K": [
        2896,
        0.0,
        1920.0,
        0.0,
        2896,
        1080.0,
        0.0,
        0.0,
        1.0
    ],
    "ccd_height_mm": 8.755200388412527,
    "ccd_width_mm": 11.67360051788337,
    "dist_coeffs": [
        0.0,
        0.0,
        0.0,
        0.0,
        0.0
    ],
    "focal_len_mm": 8.8,
    "height_px": 2160,
    "lens_model": "video mode",
    "make": "DJI",
    "model": "FC6310S",
    "width_px": 3840
}
