{
    "K": [
        485.76850094876664,
        0.0,
        320.0,
        0.0,
        485.7685009487667,
        256.0,
        0.0,
        0.0,
        1.0
    ],
    "ccd_height_mm": 4.215999999999999,
    "ccd_width_mm": 5.27,
    "dist_coeffs": [
        0.0,
        0.0,
        0.0,
        0.0,
        0.0
    ],
    "focal_len_mm": 4.0,
    "height_px": 512,
    "lens_model": "unknown",
    "make": "FLIR",
    "model": "Vue Pro 640 19mm",
    "width_px": 640
}