{
    "K": [
        1130.850987347807,
        0.0,
        973.207740419861,
        0.0,
        1130.850987347807,
        691.7727044550622,
        0.0,
        0.0,
        1.0
        ],
    "dist_coeffs": [
        0.11907836250224114,
        -0.2444496078701368,
        -0.0003657718201358771,
        -0.00024236793111057523,
        0.11160627875618248
    ],
    "height_px": 1080,
    "lens_model": "GMSL",
    "make": "GMSL",
    "model": "GMSL",
    "mount": {
        "pitch_deg": -90.0,
        "roll_deg": 0.0,
        "yaw_deg": 0.0
    },
    "width_px": 1920
}
