{
    "K": [
        4253.2,
        0.0,
        2736.0,
        0.0,
        4253.2,
        1824.0,
        0.0,
        0.0,
        1.0
    ],
    "ccd_height_mm": 8.799999999999999,
    "ccd_width_mm": 13.2,
    "dist_coeffs": [
        0.0067486201320907605,
        0.013828281274036085,
        0.0,
        0.0,
        -0.015820956455663324
    ],
    "focal_len_mm": 10.26,
    "height_px": 3648,
    "lens_model": "None",
    "make": "Hasselblad",
    "model": "L1D-20c",
    "width_px": 5472
}
