{
    "K": [
        983.7,
        0.0,
        939.98,
        0.0,
        983.7,
        483.59,
        0.0,
        0.0,
        1.0
    ],
    "ccd_height_mm": 2.96,
    "ccd_width_mm": 5.27,
    "dist_coeffs": [
        -0.37987874,
        0.2016648,
        -0.00027986,
        -0.00000415,
        -0.06917004
    ],
    "focal_len_mm": 2.7,
    "height_px": 1080,
    "lens_model": "2.7mm",
    "make": "Mobius",
    "model": "UMN 002",
    "width_px": 1920
}
