{
    "K": [
        1401.21,
        0.0,
        904.25,
        0.0,
        1400.25,
        490.12,
        0.0,
        0.0,
        1.0
    ],
    "ccd_height_mm": 2.96,
    "ccd_width_mm": 5.27,
    "dist_coeffs": [
	-0.39012303,
	0.19687255,
        -0.00069657,
        0.00465592,
        -0.05845262
    ],
    "focal_len_mm": 2.7,
    "height_px": 1080,
    "lens_model": "2.7mm",
    "make": "Mobius",
    "model": "UMN 002",
    "width_px": 1920
}
