{
    "K": [
        1362.1,
        0.0,
        980.8,
        0.0,
        1272.8,
        601.3,
        0.0,
        0.0,
        1.0
    ],
    "ccd_height_mm": 2.96,
    "ccd_width_mm": 5.27,
    "dist_coeffs": [
        -0.36207197,
        0.14627927,
        -0.00674558,
        0.0008926,
        -0.02635695
    ],
    "focal_len_mm": 2.7,
    "height_px": 1080,
    "lens_model": "2.7mm",
    "make": "Mobius",
    "model": "Curt",
    "width_px": 1920
}
