{
    "K": [
        4287.767407848286,
        0.0,
        2678.731534441495,
        0.0,
        4287.767407848286,
        2001.6186747634458,
        0.0,
        0.0,
        1.0
    ],
    "ccd_height_mm": 3.9603892215568863,
    "ccd_width_mm": 5.27,
    "dist_coeffs": [
        -0.3188565387040171,
        -0.007087891168104581,
        -0.0003653762180012315,
        0.00020094435511618303,
        0.06344254833207766
    ],
    "focal_len_mm": 4.0,
    "height_px": 4016,
    "lens_model": "Anafi",
    "make": "Parrot",
    "model": "Anafi",
    "width_px": 5344
}
