{
    "K": [
        982.6156158971709,
        0.0,
        929.2068618380065,
        0.0,
        982.6156158971709,
        514.7094115782807,
        0.0,
        0.0,
        1.0
    ],
    "ccd_height_mm": 2.96,
    "ccd_width_mm": 5.27,
    "dist_coeffs": [
        -0.27705926914687806,
        0.1172304316693657,
        0.0006977232792008769,
        0.0001455663058409992,
        -0.029149576711200095
     ],
    "focal_len_mm": 2.7,
    "height_px": 1080,
    "lens_model": "2.7mm",
    "make": "RunCamHD2",
    "model": "Mjolnir Nadir",
    "width_px": 1920
}
