{
    "K": [
        985.1809539724344,
        0.0,
        927.0815129112261,
        0.0,
        985.1809539724344,
        513.5820687161007,
        0.0,
        0.0,
        1.0
    ],
    "ccd_height_mm": 2.96,
    "ccd_width_mm": 5.27,
    "dist_coeffs": [
        -0.278433994198896,
        0.11691689183616204,
        0.0008558673846294964,
        0.0002846757948846008,
        -0.028671530931921135
     ],
    "focal_len_mm": 2.7,
    "height_px": 1080,
    "lens_model": "2.7mm",
    "make": "RunCamHD2",
    "model": "Mjolnir Nadir",
    "width_px": 1920
}
