{
    "K": [
        1269.06,
        0.0,
        955.43,
        0.0,
        1296.06,
        691.47,
        0.0,
        0.0,
        1.0
    ],
    "ccd_height_mm": 2.96,
    "ccd_width_mm": 5.27,
    "dist_coeffs": [
	-0.28250371, 
        0.14064665, 
        0.00061846, 
        0.00014488, 
        -0.05106045
    ],
    "focal_len_mm": 2.7,
    "height_px": 1440,
    "lens_model": "2.7mm",
    "make": "RunCamHD2",
    "model": "Curt1",
    "width_px": 1920
}
