{
    "K": [
        983.21,
        0.0,
        927.52,
        0.0,
        983.21,
        514.55,
        0.0,
        0.0,
        1.0
    ],
    "ccd_height_mm": 2.96,
    "ccd_width_mm": 5.27,
    "dist_coeffs": [
        -0.26910665,
        0.10580125,
        0.00048417,
        9.25e-06,
        -0.02321387
    ],
    "focal_len_mm": 2.7,
    "height_px": 1080,
    "lens_model": "2.7mm",
    "make": "RunCamHD2",
    "model": "Mjolnir Nadir",
    "width_px": 1920
}
