{
    "K": [
        7333.656154204765,
        0.0,
        2765.234099911989,
        0.0,
        7333.656154204765,
        1908.6079646624023,
        0.0,
        0.0,
        1.0
    ],
    "ccd_height_mm": 15.666666666666666,
    "ccd_width_mm": 23.5,
    "dist_coeffs": [
        0.0,
        0.0,
        0.0,
        0.0,
        0.0
    ],
    "focal_len_mm": 30.0,
    "height_px": 3648,
    "lens_model": "30mm",
    "make": "SAMSUNG",
    "model": "NX210",
    "width_px": 5472
}
