{
    "K": [
        7307.517523182284,
        0.0,
        2769.47155552061,
        0.0,
        7307.517523182284,
        1907.050577173295,
        0.0,
        0.0,
        1.0
    ],
    "ccd_height_mm": 15.666666666666666,
    "ccd_width_mm": 23.5,
    "dist_coeffs": [
        0.011319706001367917,
        0.03498440428377844,
        0.004024336029763275,
        0.0008359432078811368,
        0.06810811311865587
    ],
    "focal_len_mm": 30.0,
    "height_px": 3648,
    "lens_model": "30mm",
    "make": "SAMSUNG",
    "model": "NX210",
    "width_px": 5472
}
