{
    "K": [
        4394.181818181818,
        0.0,
        2736.0,
        0.0,
        4394.181818181818,
        1824.0,
        0.0,
        0.0,
        1.0
    ],
    "ccd_height_mm": 8.799999999999999,
    "ccd_width_mm": 13.2,
    "dist_coeffs": [
        0.0,
        0.0,
        0.0,
        0.0,
        0.0
    ],
    "focal_len_mm": 10.6,
    "height_px": 3648,
    "lens_model": "",
    "make": "senseFly",
    "model": "S.O.D.A.",
    "width_px": 5472
}