{
    "K": [
        3623.3483101580396,
        0.0,
        2043.1052933256447,
        0.0,
        3623.3483101580396,
        1539.6123758735434,
        0.0,
        0.0,
        1.0
    ],
    "ccd_height_mm": 4.65,
    "ccd_width_mm": 6.2,
    "dist_coeffs": [
        -0.10163983651400849,
        0.16036402172028463,
        0.0031062253696052065,
        0.0003894061593437844,
        -0.05725479226812846
    ],
    "focal_len_mm": 5.4,
    "height_px": 3000,
    "lens_model": "5.4mm-0001_0016",
    "make": "Sentera",
    "model": "21022-01_12MP-ERS-0001",
    "width_px": 4000
}
