{
    "K": [
        3481.8181818181815,
        0.0,
        2000.0,
        0.0,
        3481.8181818181815,
        1500.0,
        0.0,
        0.0,
        1.0
    ],
    "ccd_height_mm": 3.3000000000000003,
    "ccd_width_mm": 4.4,
    "dist_coeffs": [
        0.0,
        0.0,
        0.0,
        0.0,
        0.0
    ],
    "focal_len_mm": 3.83,
    "height_px": 3000,
    "lens_model": "None",
    "make": "Sentera",
    "model": "Dual Imager",
    "width_px": 4000
}