{
    "K": [
        3828.8676949790056,
        0.0,
        2018.545074087686,
        0.0,
        3828.8676949790056,
        1578.7751683708982,
        0.0,
        0.0,
        1.0
    ],
    "ccd_height_mm": 3.9375,
    "ccd_width_mm": 5.25,
    "dist_coeffs": [
        -0.06651437442441675,
        0.16322300195853637,
        0.006467902523838747,
        -0.0006323514125744934,
        -0.04097838067425361
    ],
    "focal_len_mm": 5.4,
    "height_px": 3000,
    "lens_model": "5.4mm-0001_0014",
    "make": "Sentera",
    "model": "21022-01_12MP-ERS-0001",
    "width_px": 4000
}
