{
    "K": [
        3633.937688367866,
        0.0,
        2036.8410948093235,
        0.0,
        3633.937688367866,
        1511.217531766123,
        0.0,
        0.0,
        1.0
    ],
    "ccd_height_mm": 4.65,
    "ccd_width_mm": 6.2,
    "dist_coeffs": [
        -0.10324441136810568,
        0.14307497840069114,
        0.0037035067934298917,
        -0.00034086848371935686,
        -0.03042783939396795
    ],
    "focal_len_mm": 5.4,
    "height_px": 3000,
    "lens_model": "5.4mm-0001_0014",
    "make": "Sentera",
    "model": "21022-01_12MP-ERS-0001",
    "width_px": 4000
}
