{
    "K": [
        3607.9175872604355,
        0.0,
        2027.0703269966336,
        0.0,
        3607.9175872604355,
        1510.8462902594094,
        0.0,
        0.0,
        1.0
    ],
    "ccd_height_mm": 4.65,
    "ccd_width_mm": 6.2,
    "dist_coeffs": [
        -0.09352739979264786,
        0.13808410926214246,
        0.0009505903617506666,
        0.00014998073458947673,
        -0.023604898529303964
    ],
    "focal_len_mm": 5.4,
    "height_px": 3000,
    "lens_model": "5.4mm-0001_0014",
    "make": "Sentera",
    "model": "21022-01_12MP-ERS-0001",
    "width_px": 4000
}
