{
    "K": [
        5267.778753292361,
        0.0,
        3000.0,
        0.0,
        5267.778753292361,
        2000.0,
        0.0,
        0.0,
        1.0
    ],
    "ccd_height_mm": 15.186666666666667,
    "ccd_width_mm": 22.78,
    "dist_coeffs": [
        0.0,
        0.0,
        0.0,
        0.0,
        0.0
    ],
    "focal_len_mm": 20.0,
    "height_px": 4000,
    "lens_model": "E 20mm F2.8",
    "make": "SONY",
    "model": "ILCE-6000",
    "width_px": 6000
}