{
    "K": [
        5271.671505038071,
        0.0,
        2967.7455911824572,
        0.0,
        5271.671505038071,
        2043.0633992896153,
        0.0,
        0.0,
        1.0
    ],
    "ccd_height_mm": 15.186666666666667,
    "ccd_width_mm": 22.78,
    "dist_coeffs": [
        -0.1631967760011924,
        0.14921038589504856,
        0.0012872621720059136,
        -0.0006636722427514675,
        0.0051645534279768325
    ],
    "focal_len_mm": 20.0,
    "height_px": 4000,
    "lens_model": "E 20mm F2.8",
    "make": "SONY",
    "model": "ILCE-6000",
    "width_px": 6000
}
