{
    "K": [
        5269.490443758973,
        0.0,
        2969.8401775647335,
        0.0,
        5269.490443758973,
        2039.4895015944041,
        0.0,
        0.0,
        1.0
    ],
    "ccd_height_mm": 15.186666666666667,
    "ccd_width_mm": 22.78,
    "dist_coeffs": [
        -0.16382898949545296,
        0.1549695632764713,
        0.0012111162817101016,
        -0.0006242493481020884,
        -0.004971499369335755
    ],
    "focal_len_mm": 20.0,
    "height_px": 4000,
    "lens_model": "E 20mm F2.8",
    "make": "SONY",
    "model": "ILCE-6000",
    "width_px": 6000
}
