{
    "K": [
        7659.574468085107,
        0.0,
        3000.0,
        0.0,
        7659.574468085107,
        2000.0,
        0.0,
        0.0,
        1.0
    ],
    "ccd_height_mm": 15.666666666666666,
    "ccd_width_mm": 23.5,
    "dist_coeffs": [
        0.0,
        0.0,
        0.0,
        0.0,
        0.0
    ],
    "focal_len_mm": 30.0,
    "height_px": 4000,
    "lens_model": "E 30mm F2.8",
    "make": "SONY",
    "model": "ILCE-6000",
    "width_px": 6000
}